{
  "ResNet18": {
    "final_test_acc": 72.58,
    "model_info": {
      "total_params": 11220132,
      "trainable_params": 11220132,
      "model_size_mb": 42.83818054199219
    },
    "best_val_acc": 71.28,
    "final_train_acc": 96.67555555555556,
    "total_epochs": 100
  }
}